"H_orth"	"H"	"OH"	"LAH"	"EAH"	"WOT"	"Cum"	"H_en"	"Year"	"WOT_loan"
"ács"	"āč"			"aγači"	"aγaččï"		"carpenter"	1222	FALSE
"ágyú"	"ādʹū"	"āldʹū"	"aldau̯"	"aldaγ"	"aldaγ"		"cannon, catapult"	1456	TRUE
"ajnároz"	"åynāroz"			"ayan"	"ayan"		"to fondle, pet, caress"	1825	FALSE
"ákos"	"ākoš"					"akïš"	"stream, current"	1903	FALSE
"ágos"	"āgoš"					"agïš"	"stream, current"	1903	TRUE
"ál"	"āl"			"āl"	"al"		"false, imitation"	1215	TRUE
"alacs"	"ålåč"			"alač"	"alačï"		"pied (of an animals coat)"	1328	TRUE
"alacs"	"ålåč"			"alač"	"alaču"		"pied (of an animals coat)"	1328	TRUE
"alacs"	"ålåč"			"alač"	"alačo"		"pied (of an animals coat)"	1328	TRUE
"alacs"	"ålåč"			"alač"	"ålåč"		"pied (of an animals coat)"	1328	TRUE
"alma"	"ålmå"			"alma"	"alma"		"apple"	1009	TRUE
"általag"	"āltålåg"			"altalag"	"altïlïg"		"barrel (wooden container andstandard quantity)"	1395	FALSE
"átalag"	"ātålåg"			"altalag"	"altïlïg"		"barrel (wooden container andstandard quantity)"	1395	TRUE
"ápol"	"āpol"	"apol"		"op"	"op"		"to nurse, take care of"	1372	FALSE
"áporodik"	"āporodik"			"oporo"	"opura"		"to decay, putrify, turn stale"	1588	FALSE
"apró"	"åprō"	"oprau̯"		"opuruγ"	"opuruγ"		"small, tiny"	1145	FALSE
"arat"	"åråt"			"orat"	"orat"		"to mow"	1211	TRUE
"arat"	"åråt"			"orat"	"or"		"to mow"	1211	TRUE
"árik"	"ārik"			"ār"	"ar"		"to decay, putrefy, go bad (of food, water)"	1878	FALSE
"árt"	"ārt"			"ārtat"	"artat"		"to harm"	1315	FALSE
"árkány"	"ārkāń"			"arkan"		"arkan"	"a type of lasso"	1789	FALSE
"árok"	"ārok"			"āruk"	"aruk"		"ditch, canal"	1009	TRUE
"árpa"	"ārpå"			"arpa"	"arpa"		"barley, Hordeum"	950	FALSE
"ártány"	"ārtāń"			"aritan"	"arïtan"		"barrow"	1075	TRUE
"ászok"	"āsok"	"ask"		"aski"	"askï"		"gauntry, gantry (for supporting barrels)"	1480	FALSE
"báj"	"bāy"			"bay"	"bay"		"charm"	1395	TRUE
"balkány"	"bålkāń"			"balkan"	"balkan"		"soggy place, moor, swamp, marsh"	1181	TRUE
"balta"	"båltå"			"balta"	"balta"		"hatchet, axe"	1423	TRUE
"bálvány"	"bālvāń"			"balvan"	"balvan"		"pagan idol, stone or wooden pillar, vertical beam of different wooden instruments, strong, corpulent person"	1001	TRUE
"bán"	"bān"				"bayan"		"governor of Croatia, governor of the southern marches"	1138	FALSE
"bán"	"bān"			"baγin"	"bagïn"		"to regret, to be sorry"	1372	FALSE
"barág"	"bårāg"			"barag"		"barag"	"hairy, bushy (of dogs); a big hairy dog (as noun)"	1521	TRUE
"bárca"	"bārcå"			"bāsa"		"baysa"	"label, tag"	1819	TRUE
"barom"	"bårom"			"barum"	"barum"		"cattle, livestock"	1247	FALSE
"bársony"	"bāršoń"	"baršun"		"barčun"	"barčun"		"velvet"	1221	FALSE
"baszik"	"båsik"			"bas"	"bas"		"to fuck"	1213	TRUE
"bátor"	"bātor"			"baγatur"	"baγatur"		"courageous, brave, valiant"	1138	TRUE
"bëcsül"	"bëčül"			"bečel"	"bičil"		"to estimate, to esteem, to appreciate"	1416	FALSE
"béka"	"bēkå"			"baka"	"baka"		"frog"	1295	TRUE
"békó"	"bēkō"			"bikaγu"	"bïkaγu"		"hobble, shackle, leg-iron"	1395	TRUE
"béklyó"	"bēklʹō"			"bikaγu"	"bïkaγu"		"hobble, shackle, leg-iron"	1395	TRUE
"bélyeg"	"bēlʹeg"	"bēlʹeg"		"beleg"	"bäläg"		"stamp, bond, mark"	1263	TRUE
"bér"	"bēr"			"bērü"	"berü"		"wage, rent"	1121	TRUE
"bercel"	"bercel"	"bercel"		"bersil"	"Bärsil"		"name of a people"	1238	FALSE
"bertű"	"bertǖ"	"börtǖ"	"börteü̯"	"bürtiγ"	"bürtiγ"		"grain or small globule of preciousmetal"	1560	TRUE
"bese"	"beše"			"beše"	"bäšä"		"a bird of prey"	1130	FALSE
"besenyő"	"bešeńȫ"	"bešeneü̯"		"bešeneγ"	"bäčänäg"		"Pecheneg, name of a tribe"	1130	FALSE
"betű"	"betǖ"	"beteü̯"		"bitiγ"	"bitig"		"letter (of the alphabet)"	1416	TRUE
"bicsak"	"bičåk"			"bičak"	"bïčak"		"pocket knife"	1408	FALSE
"bicsak"	"bičåk"			"bičak"	"bïčkï"		"pocket knife"	1408	FALSE
"bicsak"	"bičåk"			"bičak"	"bičkä"		"pocket knife"	1408	FALSE
"bika"	"bikå"			"bika"	"bïka"		"bull"	1138	TRUE
"bilincs"	"bilinč"	"bilinček"		"bileček"	"biläčäk"		"shackles"	1558	TRUE
"bíró"	"bīrō"	"birō"		"biruγ"	"bïrug"		"judge"	1306	FALSE
"bocsánik"	"bočānik"	"bočan"		"bolčan"	"bolčan"		"to be forgiven, bocsánat"	1372	TRUE
"bocsát"	"bočāt"	"bulšat"		"bulčat"	"bolčat"		"to forgive"	1372	TRUE
"bóda"	"bōdå"	"boldå"		"baldaw"		"baldaw"	"buckler with handle, handle of different arms"	1395	TRUE
"bog"	"bog"			"bog"	"bog"		"knot, bend"	1138	TRUE
"boglya"	"boglʹå"	"boglʹå"	"bogulʹa"	"bogul"	"bogul"		"stack of hay"	1291	TRUE
"bojt"	"boyt"	"buyt"	"buγt"	"buγut"	"bogut"		"tassel, fringe, tuft, node"	1181	TRUE
"bojtorján"	"boytoryān"			"balturγan"	"balturgan"		"burdock, Arctium sp."	1237	TRUE
"boka"	"bokå"			"baka"	"baka"		"ankle"	1193	TRUE
"bakancs"	"båkånč"			"bokå"	"baka"		"ankle boot"	1519	TRUE
"bakancs"	"båkånč"			"båkå"	"baka"		"ankle boot"	1519	TRUE
"boly"	"bolʹ"	"bolʹ"		"boγol"	"boγul"		"anthill"	1213	FALSE
"bor"	"bor"			"bor"	"bor"		"wine"	1086	TRUE
"borít"	"borīt"			"bor"	"bur"		"to cover, to overturn"	1456	TRUE
"burok"	"bur"			"bur"	"bur"		"cover"	1456	TRUE
"borjú"	"boryū"	"burγu"		"buraγu"	"buraγu"		"calf"	1332	TRUE
"bors"	"borš"			"burč"	"burč"		"pepper"	1075	TRUE
"borsó"	"boršō"	"buršau̯"		"burčaγ"	"burčaγ"		"pea, Pisum sativum; bean"	1584	TRUE
"borz"	"borz"			"borsi"	"borsï"		"badger, Meles meles"	1131	TRUE
"boszorkány"	"bosorkāń"			"basarkan"	"basarkan"		"witch, sorceress"	1552	TRUE
"bosszan"	"bossån"			"busan"	"busan"		"to annoy"	1416	FALSE
"bosszú"	"bossū"	"bossou̯"		"bosuγ"	"bosuγ"		"revenge"	1372	FALSE
"bot"	"bot"	"buti"	"butī"	"butiγ"	"butїγ"		"stick, cane"	1138	TRUE
"bot"	"bot"	"buti"	"butu"	"butiγ"	"butїγ"		"stick, cane"	1138	TRUE
"but"	"but"	"buti"	"butī"	"butiγ"	"butїγ"		"stick, cane"	1131	TRUE
"but"	"but"	"buti"	"butu"	"butiγ"	"butїγ"		"stick, cane"	1131	TRUE
"boza"	"bozå"			"boza"		"boza"	"a kind of beer, alcoholic beverage"	1422	TRUE
"bő"	"bȫ"	"beü̯"		"beγ"	"bäγ"		"rich; abundant, roomy"	1138	FALSE
"bögöly"	"bögölʹ"	"bögölʹ"	"bögölʹök"	"bögölök"	"bögöläk"		"horsefly, gadfly"	1550	TRUE
"böjt"	"böyt"	"büχt"		"büγte"	"büγtä"		"fast(ing)"	1181	FALSE
"bölcs"	"bölč"	"bȫč"		"büγüči"	"büγüči"		"wise"	1211	TRUE
"bölcső"	"bölčȫ"	"belčȫ"		"belčeγ"	"belčiγ"		"cradle"	1262	FALSE
"bölény"	"bölēń"	"belēń"		"belen"	"bülän"		"bison"	1211	FALSE
"börtön"	"börtön"			"berten"	"bärtän"		"prison, jail"	1261	TRUE
"böszörmény"	"bösörmēń"	"besermen"			"besermen"		"Ismaelite, name of an ethnic group in Medieval Hungary"	1246	TRUE
"bús"	"būš"	"bū"		"buγ"	"buγ"		"sad, bad-tempered"	1138	TRUE
"búcsú"	"būčū"	"bulčū"	"bulčū"	"bulčuγ"	"bolčuγ"		"farewell, indulgence, dedication festival, annual parish-feast"	950	TRUE
"buga"	"bugå"			"buga"		"buga"	"ox; also ox, goat, ram without or with small or unusual horns;stupid"	1215	FALSE
"bular"	"bulår"			"bular"	"bular"		"Volga Bulgar"	1282	FALSE
"búsz"	"būs"			"būs"	"būs"		"steam, vapour, fumes; heat"	1508	TRUE
"búza"	"būzå"	"būza"		"buγzai"	"buγδay"		"wheat, Triticum"	1138	TRUE
"buzogány"	"buzogāń"			"buzgan"		"buzgan"	"club, mace, reed-mace"	1424	FALSE
"bükk"	"bükk"	"bük"		"bik"	"bik"		"beech"	1086	TRUE
"bűn"	"bǖn"			"bǖn"	"bǖn"		"sin"	1195	TRUE
"bütü"	"bütü"			"bütüγ"	"bütüγ"		"(blunt) end of something, a rod with an end cut, obtuse end of a field-strip, the shorter side or end of a piece of furniture, foot of the hill"	1607	TRUE
"bűvös"	"bǖvöš"	"bǖ"		"büγü"	"büγü"		"magical"	1211	FALSE
"cigle"	"cigle"			"čigle"	"čiglä"		"a kind of willow, Salix elægnos"	1275	TRUE
"csigle"	"čigle"			"čikle"	"čiklä"		"trap; snare (for catching birds); bird cage"	1549	TRUE
"csëkle"	"čëkle"			"čikle"	"čiklä"		"trap; snare (for catching birds); bird cage"	1549	TRUE
"cseklye"	"čeklʹe"			"čikle"	"čiklä"		"trap; snare (for catching birds); bird cage"	1549	TRUE
"csikle"	"čikle"			"čikle"	"čiklä"		"trap; snare (for catching birds); bird cage"	1549	TRUE
"csigolya"	"čigolʹå"	"čigolʹa"		"čigla"	"čïgla"		"a kind of willow, used for baskets and in viticulture, Salix purpurea"	1358	TRUE
"csigla"	"čiglå"			"čigla"	"čïgla"		"a kind of willow"	1358	TRUE
"cötkény"	"cötkēń"			"sütken"		"sütkän"	"a kind of wolfs milk, Easter flower, Euphorbia"	1825	FALSE
"cötkény"	"cötkēń"			"süttegen"		"süttägän"	"a kind of wolfs milk, Easter flower, Euphorbia"	1825	FALSE
"csabak"	"čåbåk"			"čabak"		"čabak"	"a fish, Leuciscus souffia agassizi"	1419	FALSE
"csak"	"čåk"			"čak"	"čak"		"only, just"	1372	TRUE
"csákány"	"čākāń"			"čakan"	"čakkan"		"pick-axe; mace; a small axe; war hammer"	1395	TRUE
"csalán"	"čålān"			"čalān"	"čalïγan"		"nettle, Urtica"	1214	FALSE
"csalán"	"čålān"			"čilān"	"čalïγan"		"nettle, Urtica"	1214	FALSE
"csalán"	"čålān"			"čalaγan"	"čalïγan"		"nettle, Urtica"	1214	FALSE
"csalit"	"čålit"			"čalit"	"čaltï"		"thicket, brushwood, dry foliage, grove, meadow"	1644	FALSE
"csalit"	"čålit"			"čalit"	"čalït"		"thicket, brushwood; dry foliage, grove, meadow"	1644	FALSE
"csanak"	"čånåk"			"čanak"	"čanak"		"(silver) cup, wooden ladle, earthenware bowl"	1367	FALSE
"csata"	"čåtå"			"čata"	"čata"		"fighting, troop, army group, battle, quarrel, hubbub, flock"	1532	FALSE
"csata"	"čåtå"			"čata"	"čatï"		"fighting, troop, army group, battle, quarrel, hubbub, flock"	1532	FALSE
"csatol"	"čåtol"	"čatol"		"čat"	"čat"		"to add, to join; to buckle up something"	1527	FALSE
"csat"	"čåt"	"čåtol"	"čat"	"čati"	"čatï"		"clasp"	1138	FALSE
"csécs"	"čēč"			"čëč"	"čeč"		"measle, smallpox, pocks; skin eruption; decorative embroidery"	1217	TRUE
"csécs"	"čēč"		"čëč"	"čëček"	"čečäk"		"measle, smallpox, pocks; skin eruption; decorative embroidery"	1217	TRUE
"csekél"	"čekēl"	"ček"		"čik"	"čik"		"to bind (something)"	1899	FALSE
"csepű"	"čepǖ"	"čöpǖ"	"čöpüγ"	"čöpüγ"	"čöpüγ"		"impurities, tow, chaff"	1138	TRUE
"csepű"	"čepǖ"	"čöpǖ"	"čöpüγ"	"čöpüγ"	"čöpiγ"		"impurities, tow, chaff"	1138	TRUE
"csepű"	"čepǖ"	"čepǖ"	"čöpüγ"	"čöpüγ"	"čöpüγ"		"impurities, tow, chaff"	1138	TRUE
"csepű"	"čepǖ"	"čepǖ"	"čöpüγ"	"čöpüγ"	"čöpiγ"		"impurities, tow, chaff"	1138	TRUE
"csiga"	"čigå"			"čïga"	"čïga"		"snail, Helix; snail-shell, pulley, vertebra"	1272	FALSE
"csiger"	"čiger"			"čigir"	"čïgïr"		"a wine of low quality, a fruit wine"	1215	TRUE
"csiger"	"čiger"			"čigir"	"čȧgïr"		"a wine of low quality, a fruit wine"	1215	TRUE
"csipa"	"čipå"	"čapa"		"čapaγ"	"čapaγ"		"secretion, mucus discharged from the eyes"	1211	TRUE
"csolák"	"čolāk"			"čolak"	"čolak"		"squint-eyed, blind in one eye, onearmed, one-legged"	1885	TRUE
"csomak"	"čomåk"			"čomak"	"čomak"		"a carpenters axe with a long helve"	1217	TRUE
"csődör"	"čȫdör"			"čeü̯dür"		"čeüdür"	"stallion"	1247	FALSE
"csődör"	"čȫdör"			"čeü̯dür"		"čäüdär"	"stallion"	1247	FALSE
"csődör"	"čȫdör"			"čeü̯dür"		"čewdür"	"stallion"	1247	FALSE
"csök"	"čök"			"čük"	"čükV"		"sexual organ of large male animals, of a bull; a whip made from it"	1198	FALSE
"csök"	"čök"			"čük"	"čök"	"čök"	"feast, christening feast (at baptism)"	1841	FALSE
"csökik"	"čökik"	"čök"		"čük"	"čök"		"to become smaller, remain small, to sway, to totter, tosprain"	1469	TRUE
"csökönyös"	"čököńöš"	"čököń"		"čükün"	"čikin"		"stubborn"	1808	TRUE
"csősz"	"čȫs"			"čäüš"	"čäwiš"		"field-guard; herald; Turkish envoy"	1193	FALSE
"csúnya"	"čūńå"	"čuńa"		"čunaγ"	"čunaγ"		"rough, coarse; ugly; wild, unbridled"	1604	FALSE
"csűr"	"čǖr"			"čevür"	"čäwür"		"to wind, to turn, to distrort, misinterpret, to spin a yarn"	1836	FALSE
"csűr"	"čǖr"	"čǖri"		"čeviri"	"čäviri"		"bobbin, spindle"	1836	FALSE
"daksi"	"dåkši"			"ǰakši"		"ǰakšï"	"excellent; worthless"		FALSE
"daku"	"dåku"			"daku"		"daku"	"a short fur coat"	1867	TRUE
"dara"	"dårå"			"dara"	"tarï"		"grist, groats, soft hail"	1522	TRUE
"dara"	"dårå"			"dara"	"darï"		"grist, groats, soft hail"	1522	TRUE
"dél"	"dēl"			"töli"	"tüli"		"noon, south"	1237	TRUE
"dél"	"dēl"			"döli"	"düli"		"noon, south"	1237	TRUE
"dió"	"diō"	"ǰiwo"	"ǰiγau̯"	"ǰiγaγ"	"ǰïγaγ"		"nut; walnut, Juglans"	1200	TRUE
"dió"	"diō"	"ǰiwo"	"ǰiγau̯"	"ǰiγaγ"	"ǰȧγaγ"		"nut; walnut, Juglans"	1200	TRUE
"disznó"	"disnō"			"ǰisnaγ"	"ǰȧsnaγ"		"pig, Sus domestica"	1055	FALSE
"dől"	"dȫl"	"dǖl"		"dül"	"tül"		"to lean, topple over, stream down"	1254	TRUE
"dől"	"dȫl"	"dǖl"		"dül"	"dül"		"to lean, topple over, stream down"	1254	TRUE
"dug"	"dug"			"dïg"	"dïg"		"to squeeze, to thrust into"	1372	TRUE
"dug"	"dug"			"dïg"	"tïk"		"to squeeze, to thrust into"	1372	TRUE
"ëgyház"	"ëdʹhāz"			"ëdʹ"	"edü"		"church (building and organisation)"	1193	TRUE
"ëgyház"	"ëdʹhāz"			"ëdʹ"	"edi"		"church (building and organisation)"	1193	TRUE
"ék"	"ēk"				"ēk"		"wedge"	1213	TRUE
"eke"	"eke"			"ekeγ"	"äkäγ"		"plough"	1331	FALSE
"enged"	"enged"			"eng"	"äŋ"		"to allow, permit, concede; yield, give way"	1195	TRUE
"engesztel"	"engestel"			"eng"	"äŋ"		"to propitiate"	1416	TRUE
"enő"	"enȫ"	"eneü̯"		"ineγ"	"inäγ"		"community work in agriculture, a kind of corvée"	1226	TRUE
"ér"	"ēr"			"er"	"er"		"to arrive, to reach, get to"	1300	TRUE
"érdem"	"ērdem"			"erdem"	"ärdäm"		"merit"	1372	TRUE
"erkölcs"	"erkölč"			"erkelč"	"ärkilč"		"morals, morality"	1372	TRUE
"ernyed"	"erńed"			"erin"	"ärin"		"to tire, lose vitality, slacken, relax"	1803	FALSE
"erő"	"erȫ"	"ereü̯"		"eriγ"	"äriγ"		"strength, power"	1086	TRUE
"es"	"eš"	"ešü"	"ečü"	"ičü"	"ičü"		"oath"	1372	FALSE
"eskü"	"eškü"	"iškü"		"ičkü"	"ičkü"		"oath"	1372	FALSE
"ész"	"ēs"			"es"	"es"		"reason, mind"	1372	FALSE
"etel"	"etel"			"etil"	"ätil"		"river, name of a river"	950	TRUE
"etil"	"etil"			"etil"	"ätil"		"river, name of a river"	950	TRUE
"gaz"	"gåz"	"kāz"		"kaγzu"	"kaγδu"		"weed"	1150	TRUE
"gödény"	"gödēń"	"güden"		"güden"	"güdän"		"pelican, Pelicanus"	1138	TRUE
"gödény"	"gödēń"	"güden"		"güden"	"kütän"		"pelican, Pelicanus"	1138	TRUE
"görény"	"görēń"			"güren"	"gürän"		"polecat, Putorius foetidus"	1221	TRUE
"görény"	"görēń"			"güren"	"kürän"		"polecat, Putorius foetidus"	1221	TRUE
"gügyű"	"güdʹǖ"	"küdʹǖ"	"küdʹeü̯"	"küdeγü"		"küdägü"	"matchmaker"	1825	TRUE
"güzü"	"güzü"	"güzǖ"	"küzeγü"	"küseγü"	"küsäγü"		"gleaner mouse, Mus spicilegus"	1198	FALSE
"gyaláz"	"dʹålāz"	"dʹala"		"ǰala"	"ǰala"		"to abuse, calumniate"	1372	TRUE
"gyalom"	"dʹålom"			"ǰalum"	"ǰalïm"		"drag-net, a kind of fishing net"	1291	FALSE
"gyanú"	"dʹånū"	"ǰanau̯"		"ǰonaγ"	"ǰonaγ"		"suspicion, mistrust"	1233	FALSE
"gyapjú"	"dʹåpyū"	"ǰapyu"		"ǰapγu"	"ǰapaγu"		"wool"	1332	TRUE
"gyapot"	"dʹåpot"			"ǰaput"	"ǰaput"		"cotton"	1372	FALSE
"gyarapodik"	"dʹåråpodik"	"dʹåråp"	"ǰarap"	"ǰarpa"	"ǰarpa"		"to increase, to put on weight, to grow stronger"	1518	FALSE
"gyarapszik"	"dʹåråpsik"	"dʹåråp"	"ǰarap"	"ǰarpa"	"ǰarpa"		"to increase, to put on weight, to grow stronger"	1518	FALSE
"gyarló"	"dʹårlō"	"ǰarlou̯"		"ǰarlïγ"	"ǰarlïγ"		"poor, frail, feeble"	1456	FALSE
"gyárt"	"dʹārt"	"dʹarat"		"ǰarat"	"ǰarat"		"to produce, build, fabricate"	1322	FALSE
"gyász"	"dʹās"	"ǰās"		"ǰas"	"ǰas"		"mourning, bereavement"	1416	FALSE
"gyékény"	"dʹēkēń"			"ǰeken"	"ǰekän"		"bulrush, Typha latifolia / angustifolia; matting made of bulrushes"	1252	TRUE
"gyënge"	"dʹënge"			"ǰenge"	"ǰeŋi"		"weak, feeble"	1282	TRUE
"gyeplő"	"dʹeplȫ"	"ǰepleü̯"		"ǰipliγ"	"ǰipliγ"		"rein"	1395	TRUE
"gyepű"	"dʹepǖ"	"ǰepeü̯"		"ǰepiγ"	"ǰäpiγ"		"borderland, hedge"	1212	FALSE
"gyep"	"dʹep"			"ǰepi"	"ǰäpi"		"lawn,grass-(plot)"	1272	FALSE
"gyermek"	"dʹermek"			"ǰärmäk"	"ǰärmäk"		"child"	1350	TRUE
"gyermek"	"dʹermek"			"ǰärmäk"	"ǰärmük"		"child"	1350	FALSE
"gyertya"	"dʹertʹå"			"ǰarta"	"yarta"		"candle"	1372	FALSE
"gyertyán"	"dʹertʹān"	"ǰartān"		"ǰartaγan"	"yartaγan"		"hornbeam, Carpinus betulus"	1225	TRUE
"gyilkos"	"dʹilkoš"			"ǰilkuš"	"ǰulkučï"		"murder, killer"	1356	TRUE
"gyom"	"dʹom"			"ǰom"	"ǰom"		"weed"	1456	FALSE
"gyomor"	"dʹomor"	"dʹumur"		"ǰumur"	"ǰumur"		"stomach"	1252	FALSE
"gyón"	"dʹōn"	"dʹun"		"ǰūn"	"ǰūn"		"to confess (sins)"	1372	FALSE
"gyovon"	"dʹovon"	"dʹuvun"		"ǰuvun"	"ǰuvun"		"to confess (sins)"	1979	FALSE
"gyopár"	"dʹopār"	"ǰupar"		"ǰïpar"	"ǰïpar"		"cudweed, Gnaphalium; Edelweiss"	1222	TRUE
"gyöngy"	"dʹöndʹ"	"ǰünǰ"	"ǰünǰü"	"ǰinǰü"	"ǰinǰü"		"pearl"	1164	TRUE
"gyötör"	"dʹötör"	"ǰütür"		"ǰitür"	"ǰitür"		"to torture, to make suffer"	1372	FALSE
"győz"	"dʹȫz"	"dʹēz"		"ǰeγüz"	"ǰäγüz"		"to conquer (somebody, something), triumph (over somebody, something), gain victory"	1372	FALSE
"gyúl"	"dʹūl"			"ǰul"	"ǰul"		"to catch fire, be kindled, to be ignited"	1470	FALSE
"gyúr"	"dʹūr"			"ǰuγur"	"ǰuγur"		"to knead, pug"	1213	TRUE
"gyűl"	"dʹǖl"	"dʹīl"		"ǰiγil"	"ǰigil"		"to assemble, gather"	1355	TRUE
"gyűjt"	"dʹǖyt"			"dʹǖl"	"ǰiγil"		"to collect,gather something"	1372	TRUE
"gyűlöl"	"dʹǖlöl"	"dʹǖle"	"dʹeü̯le"	"ǰeγile"	"ǰägilä"		"to hate"	1372	TRUE
"gyümölcs"	"dʹümölč"	"dʹömölč"	"dʹemilč"	"ǰemilč"	"ǰemilč"		"fruit"	1195	TRUE
"gyümölcsény"	"dʹümölčēń"	"dʹemilčen"		"ǰemilčen"	"ǰemilčen"		"hawthorn, a plant similar to the whitethorn, or elder"	1086	FALSE
"gyűrű"	"dʹǖrǖ"	"dʹereü̯"		"ǰereγ"	"ǰereγ"		"a kind of tree similar to the maple or cornel, Acer tataricum, Cornussanguinea"	1192	FALSE
"gyűrű"	"dʹǖrǖ"	"dʹüreü̯"		"ǰürüγ"	"ǰürüγ"		"ring"	1232	FALSE
"gyűszű"	"dʹǖsǖ"			"ǰüγsüγ"	"ǰüγsüγ"		"thimble"	1528	FALSE
"hajó"	"håyō"			"hayiγ"	"χayїγ"		"boat, ship"	1181	TRUE
"harang"	"hårång"			"hangar"	"χoŋar"		"bell"	1211	TRUE
"herjó"	"heryō"			"xirγuy"	"χїrγuy"		"hawk"	1366	TRUE
"homok"	"homok"	"humuki"		"humoki"	"χumakï"		"sand"	1055	TRUE
"hurok"	"hurok"			"urok"	"urok"		"noose, loop, snare"	1526	TRUE
"idő"	"idȫ"	"üdȫ"	"üdeü̯"	"üdeγ"	"üdäγ"		"time, weather"	1372	FALSE
"ige"	"ige"			"üge"	"ügä"		"word, biblical word, verb"	1310	TRUE
"igen"	"igen"			"egen"	"egän"		"yes; affirmative particle, very"	1266	FALSE
"ijed"	"iyed"	"iye"		"äyi"	"äyi"		"to be frightened, to take fright"	1362	TRUE
"ijeszt"	"iyest"	"iye"		"äyi"	"äyi"		"to be frightened, to take fright"	1362	TRUE
"iker"	"iker"			"ikir"	"ikir"		"twin"	1095	FALSE
"ildom"	"ildom"			"ildam"	"ïldam"		"proper behaviour"	1416	TRUE
"illik"	"illik"			"il"	"il"		"to suit something, to be proper, to fit into"	1372	FALSE
"imád"	"imād"	"vimad"		"vim"	"vïm"		"to adore, worship"	1195	FALSE
"ing"	"ing"	"ümeg"		"ümmeg"	"öŋmäk"		"shirt"	1372	TRUE
"ír"	"īr"			"ir"	"ïr"		"to write"	1372	FALSE
"író"	"īrō"	"irō"		"iraγ"	"ïraγ"		"buttermilk"	1395	TRUE
"izzik"	"izzik"	"izi"		"isi"	"ïsï"		"to glow, be hot"	1582	TRUE
"jász"	"yās"				"yās"		"name of an ethnic group of Iranian origin in Hungary"	1318	FALSE
"kajtár"	"kåytār"					"kaytar"	"do-less, do-little"	1346	FALSE
"káka"	"kākå"				"kakï"		"bulrush, club-rush, different plants like Schoenoplectus (Cyperaceæ)"	1138	FALSE
"kalauz"	"kålåuz"			"kalauz"		"kolavuz"	"guide, pilot; conductor, ticket inspector"	1380	FALSE
"kalóz"	"kålōz"			"kalauz"	"kolavuz"		"guide, pilot; conductor, ticket inspector"	1585	FALSE
"káliz"	"kāliz"			"kaliz"	"kvaliz"		"an ethnic group of Muslim faith in Mediaeval Hungary"	1111	TRUE
"kalokány"	"kålokāń"			"karlukan"	"karlukan"		"a water plant, Stratiotes aloides"	1694	TRUE
"kolokány"	"kolokāń"			"karlukan"	"karlukan"		"a water plant, Stratiotes aloides"	1694	TRUE
"karlokány"	"kårlokāń"			"karlukan"	"karlukan"		"a water plant, Stratiotes aloides"	1862	TRUE
"kamcsi"	"kåmči"					"kamči"	"whip, lash"	1979	FALSE
"kamsi"	"kåmši"					"kamči"	"whip, lash"	1979	FALSE
"kamzsi"	"kåmži"					"kamči"	"whip, lash"	1979	FALSE
"kangyík"	"kåndʹīk"			"kåndʹikå"		"kanǰïka"	"saddle strap"	1971	TRUE
"kangyíka"	"kåndʹīk"			"kåndʹikå"		"kanǰïka"	"saddle strap"	1971	TRUE
"kantár"	"kåntār"				"kantar"		"bridle, reins"	1571	TRUE
"kanyaró"	"kåńårō"	"kåråńō"	"kåråmō"	"karamuγ"	"karamuγ"		"measles"	1567	FALSE
"kaptány"	"kåptāń"	"kåpkāń"		"kapkan"	"kapkan"		"trap, snare"	1628	TRUE
"kapu"	"kåpu"	"kapū"		"kapuγ"	"kapuγ"		"gate"	1009	TRUE
"kar"	"kår"			"kar"	"kar"		"arm"	1254	TRUE
"kár"	"kār"				"kăvar"		"damage, loss"	1372	TRUE
"karakán"	"kåråkān"			"karakan"	"karakan"		"man of grit, stout fellow"	1800	TRUE
"karám"	"kårām"			"korām"	"koram"		"sheepfold, cattlegrid, stockyard, a yard encircled by a fence, shedfor animals"	1620	TRUE
"karambél"	"kåråmbēl"			"karampil"	"karampil"		"pink, several kinds of pink, Danthus, D. caryophyllus, several members of the Caryophillaceæ"	1972	FALSE
"karambél"	"kåråmbēl"			"karampil"	"karamfil"		"pink, several kinds of pink, Danthus, D. caryophyllus, several members of the Caryophillaceæ"	1972	FALSE
"karó"	"kårō"	"kårou̯"		"karoγ"	"karoγ"		"stake, pale, stick"	1395	TRUE
"kárókatona"	"kārōkåtonå"	"kara katona"		"kara kotan"	"kara kotan"		"a fishing water bird with black feathers, cormorant,Phalacrocorax carbo"	1519	TRUE
"karvaly"	"kårvålʹ"			"karγay"	"kargay"		"sparrow hawk, Accipiter n. nisus"	1222	TRUE
"katáng"	"kåtāng"			"katāng"	"kataŋ"		"chicory, Cichorium sp., Cichorium intybus"	1395	TRUE
"kazár"	"kåzār"			"kazar"	"kazar"		"an ethnic name, Kazar"	1200	FALSE
"kebel"	"kebel"				"käbäl"		"bosom, breast"	1186	TRUE
"kecske"	"kečke"			"kečeke"	"käčäkä"		"goat, Capra hircus"	1278	TRUE
"kék"	"kēk"			"keyk"	"kȫk"		"blue"	1075	TRUE
"kelengye"	"kelendʹe"	"kelinǰe"		"kälinčäγ"	"kälinčäγ"		"trousseau, dowry, gift given with the bride or bridegroom"	1592	FALSE
"kender"	"kender"			"kendir"	"kändir"		"hemp, Cannabis"	1192	TRUE
"kéneső"	"kēnešȫ"			"kenešǖ"	"kenä šū"		"mercury"	1525	TRUE
"kép"	"kēp"				"kǟp"		"picture, shape, form"	1138	TRUE
"kepe"	"kepe"			"kepeγ"	"käpäγ"		"shock, shook, sheaves placed crosswise, also a unit of grain paid orgiven"	1138	TRUE
"kerep"	"kerep"				"käräp"		"a kind of ship"	1248	FALSE
"kérődzik"	"kērȫdzik"			"kēr"	"käwir"		"to ruminate (of bovines)"	1372	TRUE
"kérő"	"kērȫ"	"kevreγ"		"kevereγ"	"käwiräg"		"cud"	1551	TRUE
"kert"	"kert"			"kerte"	"kärtä"		"garden, place for animals"	1055	TRUE
"keselyű"	"kešelʹǖ"	"kešeleü̯"		"küčeleγ"	"küčäläγ"		"vulture, Vultur"	1233	TRUE
"késik"	"kēšik"	"kēš"		"kēč"	"kēč"		"to be, become late"	1138	FALSE
"kicsiny"	"kičiń"			"kičin"	"kičin"		"small, little"	1215	FALSE
"kicsiny"	"kičiń"			"küčün"	"kičin"		"small, little"	1215	FALSE
"kicsi"	"kiči"			"kičin"	"kičin"		"small"	1138	FALSE
"kis"	"kiš"	"kiši"	"kiči"	"kičiγ"	"kičiγ"		"small, little"	1075	FALSE
"kíjc"	"kīyc"	"kīyc"	"kiyic"	"kiyiz"		"kiyiz"	"felt"	2000	FALSE
"kikerics"	"kikerič"			"kükerilč"	"kökärilč"		"wild/meadow saffron, Colchicum autumnale; lions tooth, Taraxacum"	1405	TRUE
"kiköcsény"	"kiköčēń"	"kikörčen"		"kükerčen"	"kökärčän"		"a bird similar to a falcon, a kind of bird of prey"	1569	FALSE
"kín"	"kīn"			"kīn"	"kīn"		"pain"	1138	FALSE
"kobak"	"kobåk"			"kåbåk"		"kabak"	"gourd, calabash, Lagenaria vulgaris; head, billy-cock-hat"	1340	FALSE
"koboz"	"koboz"			"koboz"		"kobuz"	"lute, cittern"	1193	TRUE
"koldul"	"koldul"			"koldu"	"koldu"		"to beg, to mendicate"	1372	FALSE
"koldus"	"kolduš"			"koldu"	"koldu"		"beggar"	1416	FALSE
"koldus"	"kolduš"			"koldu"	"kolduš"		"beggar"	1416	FALSE
"komló"	"komlō"	"kumlau̯"		"kumlaγ"	"kumlaγ"		"hops, Humulus lupulus"	1086	FALSE
"komócsin"	"komōčin"			"kåmičin"	"kamїčïn"		"timothy-grass, phleum, Phleum sp."	1788	FALSE
"komondor"	"komondor"			"kumandur"		"kumandur"	"a kind of Hungarian sheepdog"	1454	FALSE
"komor"	"komor"			"komur"	"komur"		"gloomy, grave, morose, sombre, dull-coloured; not properly castrated"	1222	TRUE
"koporsó"	"koporšō"			"kopurčaγ"	"kapurčaγ"		"coffin"	1372	TRUE
"kor"	"kor"			"kur"	"kur"		"age, period"	1057	TRUE
"korhány"	"korhāń"			"korγan"	"korγan"		"tomb, small hill, elevated, dry place in a marsh"	1332	TRUE
"kóró"	"kōrō"	"korou̯"		"kuroγ"	"kowrog"		"dry stalk of weed"	1200	TRUE
"korom"	"korom"			"kurum"	"kurum"		"soot"	1211	TRUE
"kos"	"koš"			"koč"	"koč"		"ram"	1061	TRUE
"kozma"	"kozmå"	"kosmā"		"kasmaγ"	"kasmaγ"		"burn"	1753	FALSE
"ködmön"	"ködmön"			"kedmen"	"kädmän"		"frock, sheepskin waistcoat"	1239	TRUE
"ködmen"	"ködmen"			"kedmen"	"kädmän"		"frock, sheepskin waistcoat"	1240	TRUE
"kökény"	"kökēń"			"köken"	"kökän"		"blackthorn, Prunus spinosa"	1184	FALSE
"kölcsön"	"kölčön"			"külčen"	"kölčen"		"loan"	1416	TRUE
"köldök"	"köldök"	"kildik"		"kindik"	"kindik"		"the navel; various parts of agricultural and other instruments,around which something turns or rotates or which is in the centre"	1405	TRUE
"kölyök"	"kölʹök"	"kölʹök"	"kölek"	"külek"	"köläk"		"young of an animal, kid, puppy, lad"	1165	TRUE
"kölyű"	"kölʹǖ"	"kelǖ"		"keliγ"	"keliγ"		"pounder, beater, small mortar"	1395	FALSE
"kömődörög"	"kömȫdörög"			"kömöndörök"		"kömüldürük"	"breast strap"	1380	TRUE
"kentreg"	"kentreg"	"köndrög"	"kömdörök"	"kömöndörök"		"kömüldürük"	"breast strap"	1380	TRUE
"könyv"	"köńv"	"köńüγ"		"küńüγ"	"küńüγ"		"book"	1282	FALSE
"könyü"	"köńü"	"köńüγ"		"küńüγ"	"küńüγ"		"book"	1282	FALSE
"köpcös"	"köpcöš"	"köpčöš"	"köpčȫ"	"köpčeγ"	"köpčäγ"		"stumpy, a small, thick man"	1509	TRUE
"köpec"	"köpec"	"köpečke"	"köpekče"	"köpek"	"köpäk"		"a kind of Hungarian sheepdog, komondor"	1861	FALSE
"köpönyek"	"köpöńek"			"kepenek"	"kepenek"		"cloak, gown, overcoat"	1560	TRUE
"köpű"	"köpǖ"	"küpǖ"		"küpüγ"	"küpüγ"		"churn, beehive, anything with a hollow part in which something canbe fitted in, a trough, tray for channelling water, the same used as a small bridge (the latter in Translyvania)"	1405	TRUE
"kőris"	"kȫriš"	"kǖriš"		"kewrič"	"kevrič"		"ash tree, Fraxinus sp."	1055	TRUE
"kőrő"	"kȫrȫ"			"kevreγ"	"kävräγ"		"mellow, powdery, crumbly, rotten, mouldy"	1828	TRUE
"körtvély"	"körtvēlʹ"	"kërtveli"		"kertβeli"	"kertweliγ"		"pear, Pyrus communis"	1055	TRUE
"körtvély"	"körtvēlʹ"	"kertmeli"		"kertmeliγ"	"kertmeliγ"		"pear, Pyrus communis"	1055	TRUE
"köszön"	"kösön"			"küsen"	"küsän"		"to greet, to thank"	1316	TRUE
"kun"	"kun"	"kūn"		"kuwan"	"kuwan"		"the Cuman ethnic group in Hungary"	1138	TRUE
"kuvasz"	"kuvås"			"kuwaz"		"kowaz"	"a kind of dog, a Hungarian breed of sheepdog"	1511	FALSE
"küllő"	"küllȫ"			"külleγ"	"külüläγ"		"laughing bird, Picus viridis"	1405	FALSE
"küllő"	"küllȫ"	"külliγ"	"kölliγ"	"köligeliγ"	"köligäliγ"		"a fish living at the bottom of the river, gudgeon, Gobio fluviatilis"	1405	TRUE
"küllő"	"küllȫ"	"külȫ"	"küvȫ"	"küvey"	"küväy"		"laughing bird, Picus viridis"	1983	TRUE
"mónár köd"	"mōnār köd"	"mōnār"		"munar"	"munar"		"dry summer fog, rainbow"	1211	FALSE
"nyögér"	"ńögēr"			"nöger"	"nögär"		"the name of a group of military people in Hungary,the Cuman bodyguard to the Hungarian king"	1285	TRUE
"ocsú"	"očū"	"učū"	"učou̯"	"učoγ"	"učoγ"		"chaff, husks, winnowings, tailings, refuse of grain"	1211	FALSE
"ok"	"ok"			"uk"	"uk"		"cause, reason"	1138	TRUE
"oktat"	"oktåt"	"ok"		"uk"	"uk"		"to teach"		TRUE
"ól"	"ōl"	"oγul"		"aγul"	"aγul"		"sty, cattle pen, sheepfold"	1192	TRUE
"olcsó"	"olčō"	"ōčō"	"učau̯"	"učaγ"	"učaγ"		"cheap"	1528	FALSE
"olló"	"ollō"	"oγlou̯"		"oγlaγ"	"oγlaγ"		"kid (of a goat)"	1395	FALSE
"ondó"	"ondō"	"ondau̯"		"undaγ"	"undaγ"		"sperm, seminal fluid"	1288	TRUE
"ontok"	"ontok"				"untak"		"crumb (of bread), morsel, a small piece of bread"		FALSE
"ontog"	"ontog"				"untak"		"crumb (of bread), morsel, a small piece of bread"		FALSE
"orosz"	"oros"			"urus"	"urus"		"Russian"	1086	FALSE
"oroszlán"	"oroslān"			"uruslān"	"aruslan"		"lion"	1247	TRUE
"orsó"	"oršō"	"uršū"		"určuγ"	"určuγ"		"spindle, whorl"	1405	FALSE
"orv"	"orv"	"urvu"	"uvru"	"uγru"	"ogru"		"thief"	1131	TRUE
"orvos"	"orvoš"	"urvoš"		"urvoči"	"orwučï"		"physician"	1131	TRUE
"os"	"oš"	"ošk"	"ačk"	"alčuk"	"alčuk"		"cune in play in ostábla"	1405	TRUE
"ökör"	"ökör"	"ökür"		"ükür"	"ökür"		"ox"	1181	TRUE
"ölt"	"ölt"			"ilt"	"ilt"		"to stitch, to put on a dress"	1372	FALSE
"ölyv"	"ölʹv"	"ölʹü"		"eliγ"	"eliγ"		"hawk, buzzard, Buteo buteo"	1055	FALSE
"önik"	"önik"	"ön"		"ün"	"ǖn"		"to take root, to grow stronger (plant, animal)"	1196	TRUE
"őr"	"ȫr"			"evir"	"ävir"		"to grind, mill"	1211	FALSE
"örmény"	"örmēń"			"eü̯rmen"	"ävirmän"		"milling product"	1289	FALSE
"örmény"	"örmēń"			"ermeni"	"ärmäni"		"Armenian"	1289	FALSE
"örök"	"örök"			"ürük"	"ürük"		"eternal"	1086	TRUE
"örül"	"örül"	"ör"	"ȫr"	"öγir"	"öγir"		"to rejoice, to be glad"	1372	FALSE
"őrül"	"ȫrül"	"eü̯ril"		"evril"	"ävril"		"to become mad"	1598	FALSE
"örvény"	"örvēń"	"ȫr"	"ewir"	"eγir"	"äγir"		"whirlpool, eddy"	1391	TRUE
"őrém"	"ȫrēm"	"eürem"		"eγrim"	"ägirim"		"whirlpool, eddy"	1095	TRUE
"őrém"	"ȫrēm"	"eürem"		"eγrim"	"ägrim"		"whirlpool, eddy"	1095	TRUE
"örmény"	"örmēń"			"örmen"	"äγirmän"		"whirlpool, eddy"	1289	TRUE
"örmény"	"örmēń"			"örmen"	"ägir"		"whirlpool, eddy"	1289	TRUE
"örmény"	"örmēń"			"örmen"	"ägir"		"whirlpool, eddy"	1289	TRUE
"özön"	"özön"			"üzen"	"özän"		"flood, deluge, stream"	1138	FALSE
"sajt"	"šåyt"	"šaχt"		"čaγt"	"čïγt"		"cheese"	1368	FALSE
"sajt"	"šåyt"	"šaχt"		"čaγt"	"čïgït"		"cheese"	1368	FALSE
"sár"	"šār"			"šar"	"šar"		"mud, marsh"	1055	TRUE
"sár"	"šār"			"šari"	"šarï"		"yellow"	1331	FALSE
"sárga"	"šārgå"	"šarog"		"šarug"	"šarug"		"yellow"	1360	TRUE
"sárkány"	"šārkāń"			"šārkān"	"šarakan"		"dragon"	1193	FALSE
"sarló"	"šårlō"			"čarlaγ"	"čarlaγ"		"sickle"	1018	FALSE
"sárma"	"šārmå"			"šarmaγ"	"šarmaγ"		"a type of wild onion, Ornithogalum"	1329	TRUE
"saru"	"šåru"	"šarū"		"čaruγ"	"čaruγ"		"footwear, sandals"	1211	FALSE
"sátor"	"šātor"	"šatur"		"čatur"	"čatur"		"tent"	1150	TRUE
"sebes"	"šebeš"			"šeb"	"šip"		"fast, quick"	1039	FALSE
"seper"	"šeper"			"šipir"	"šipir"		"to sweep, to broom"	1372	TRUE
"seprű"	"šeprǖ"			"šipiriγ"	"šipiriγ"		"broom"	1372	TRUE
"seprő"	"šeprȫ"	"čeprȫ"		"čöpreγ"	"čöpräγ"		"draff, lees, dregs of wine"	1372	TRUE
"seprő"	"šeprȫ"	"čeprȫ"		"čöpreγ"	"čöprök"		"draff, lees, dregs of wine"	1372	TRUE
"sér"	"šēr"			"šir"	"šir"		"to injure, to hurt"	1355	TRUE
"sereg"	"šereg"	"šerig"		"čärig"	"čärig"		"army, troops, crowd"	1057	TRUE
"serke"	"šerke"			"širke"	"širkä"		"a nit"	1246	TRUE
"serleg"	"šerleg"			"šerleg"	"širlig"		"cup, goblet"	1381	TRUE
"serte"	"šerte"	"širte"		"širt"	"širt"		"also short sheaves used to strengthen athatched roof"	1395	TRUE
"sík"	"šīk"			"šik"	"šïk"		"even, flat, open (water)"	1533	FALSE
"sima"	"šimå"			"šima"	"šïma"		"smooth, simít"	1138	TRUE
"sió"	"šiō"			"šiu"	"šiu"		"running water, running channel under a mill"	1614	FALSE
"séd"	"šēd"	"šīd"		"šiu"	"šiw"		"spring, well, brook"	1086	FALSE
"sok"	"šok"				"čok"		"much, many"	1138	FALSE
"sólyom"	"šōlʹom"	"šolʹom"	"čawlim"	"čavli"	"čavlï"		"falcon"	1082	FALSE
"sólyom"	"šōlʹom"	"šolʹom"	"čawlim"	"čavli"	"čavlïm"		"falcon"	1082	FALSE
"som"	"šom"	"šum"		"čum"	"čum"		"dogwood (tree), cornel, Cornus"	1291	TRUE
"somlyó"	"šomlʹō"	"šomlyō"		"šumluγ"	"čumluγ"		"dogwood (tree), cornel, Cornus"	1015	TRUE
"sör"	"šör"	"šer"		"šere"	"šire"		"beer"	1392	FALSE
"sőreg"	"šȫreg"			"ševrege"	"šivrigey"		"sterlet, sturgeon, Acipenser stellatus, ruthenus"	1219	FALSE
"süllő"	"šüllȫ"	"šilleü"		"šilleγ"	"šilliγ"		"pike perch, zander, Stizostedion lucioperca"	1138	TRUE
"süly"	"šüy"	"šǖlʹ"		"šiγül"	"šiγül"		"scurvy"	1259	FALSE
"sűrű"	"šǖrǖ"	"šireü̯"		"čireγ"	"čiräγ"		"dense, thick (of woods or soup)"	1347	TRUE
"sű"	"šǖ"	"šiv"		"siγ"	"siγ"		"brother-in-law"	1138	FALSE
"süv"	"šüv"	"šiv"		"siγ"	"siγ"		"brother-in-law"	1138	FALSE
"szágom"	"sāgom"			"sagum"	"sagïm"		"mirage"	1993	FALSE
"szaka"	"såkå"			"sakaγ"	"sakaγ"		"uvula, the recurved point of a fishing hook or a lance, red wattle on a chicken"	1522	TRUE
"szakáll"	"såkāll"			"sakal"	"sakal"		"beard"	1086	TRUE
"szál"	"sāl"			"sal"	"sāl"		"raft"	1211	TRUE
"szám"	"sām"			"sam"	"sām"		"number"	1086	TRUE
"szán"	"sān"	"sān"		"saγin"	"saγïn"		"to have pity for, to regret"	1372	FALSE
"szán"	"sān"				"sān"		"to wish, to intend something for somebody/something, to devote"	1380	TRUE
"szándok"	"sāndok"				"sanduk"		"trousseau box"	1993	FALSE
"szapu"	"såpu"	"sapū"	"sapau̯"	"sapaγ"	"sapaγ"		"bucket, wooden pail (with a handle)"	1395	TRUE
"szár"	"sār"			"sar"	"sar"		"light-coloured, yellowish, pale, (partly) bald"	1002	FALSE
"szárny"	"sārń"			"śārn"	"čaγrïn"		"wing"	1372	FALSE
"szatócs"	"såtōč"	"satōč"	"satiwči"	"satiγči"	"satïγčï"		"grocer, grand handler"	1522	FALSE
"szék"	"sēk"			"sekü"	"säkü"		"chair, seat, bench, throne"	1156	FALSE
"szél"	"sēl"			"sēl"	"śēl"		"wind"	1181	FALSE
"szender"	"sender"			"sen"	"sender"		"to slumber, to doze"	1372	TRUE
"szöndör"	"söndör"			"sön"	"sön"		"to slumber, to doze"	1372	TRUE
"szép"	"sēp"			"sip"	"sip"		"beautiful"	1127	FALSE
"szeplő"	"seplȫ"			"sepleγ"	"säpliγ"		"freckle, sun spot, stain"	1350	TRUE
"szer"	"ser"			"śer"	"čer"		"part of a village, street, group of people; row, line, order"	1015	FALSE
"szérű"	"sērǖ"			"sürüγ"	"čürüγ"		"threshing floor (round)"	1015	FALSE
"szesz"	"ses"			"sis"	"sis"		"fumes, vapour, spirits, alcohol, humours"	1531	FALSE
"szín"	"sīn"			"sin"	"sin"		"colour, face, external appearance, the best part of something, the upperpart of something"	1116	TRUE
"szirony"	"siroń"	"siron"	"sirum"	"siyrum"	"sïyrum"		"thin hide rope, strap (used for embroidery or as a whip), refrozen thin layer after the melting of snow"	1138	FALSE
"szirony"	"siroń"	"sirom"	"sirum"	"siyrum"	"sïyrum"		"thin hide rope, strap (used for embroidery or as a whip), refrozen thin layer after the melting of snow"	1138	FALSE
"szirt"	"sirt"				"sïrt"		"rock, cliff, occiput, crest (of mountain)"	1302	FALSE
"szó"	"sō"			"saw"	"sav"		"word"	1213	FALSE
"szongor"	"songor"			"sonkor"	"soŋkur"		"a kind of falcon, Pielfalcus, Gyrfalco"	1282	TRUE
"szór"	"sōr"			"sawur"	"sawur"		"to spread, to scatter, to winnow"	1405	TRUE
"szöcske"	"söčke"	"sökče"	"sökśȫ"	"sek"	"sek"		"grasshopper"	1275	FALSE
"szökik"	"sökik"	"sök"		"sek"	"sek"		"to leap, to jump, to escape, to flee"	1198	TRUE
"szőlő"	"sȫlȫ"	"seleγ"		"śeleγ"	"čeleγ"		"grape, wine grape, Vitis vinifer"	1075	TRUE
"szöllő"	"söllȫ"	"selleγ"		"śeleγ"	"čeleγ"		"grape, wine grape, Vitis vinifer"	1075	TRUE
"szúnyog"	"sūńog"	"sunug"		"sinuk"	"siŋuk"		"mosquito, gnat, Culex pipens"	1230	TRUE
"szűcs"	"sǖč"	"seü̯či"	"siwči"	"śiγči"	"čiγči"		"furrier"	1181	TRUE
"szűnik"	"szǖnik"	"sün"		"sön"	"sön"		"to cease, to stop"	1372	TRUE
"szűr"	"sǖr"			"sür"	"sür"		"to strain, to filter"	1416	TRUE
"szűz"	"sǖz"	"süz"		"süzök"	"süzök"		"virgin, pure"	1350	FALSE
"táltos"	"tāltoš"	"taltuš"		"taltuči"	"taltučï"		"sorcerer, medicine man"	1211	TRUE
"tanács"	"tånāč"			"tanilč"	"tanïlč"		"advice; council"	1213	FALSE
"tanú"	"tånū"			"tanu"	"tanuγ"		"witness"	1350	FALSE
"táplál"	"tāplāl"	"tāplā"		"taplaγ"	"taplaγ"		"to feed, to nourish"	1456	TRUE
"tapló"	"tåplō"	"tåplou̯"	"toplau̯"	"topluγ"	"topluγ"		"tinder, tinder fungus, Fomes fomentarius"	1086	TRUE
"tar"	"tår"			"tar"	"tar"		"bald"	1092	TRUE
"tár"	"tār"			"tavar"	"tavar"		"depot: tárház"	1395	TRUE
"tarló"	"tårlō"			"tarlaγ"	"tarïlaγ"		"plough field, arable field, stubble field"	1212	TRUE
"tart"	"tårt"			"tart"	"tart"		"to hold, carry; to last, visszatart"	1138	TRUE
"tatár"	"tåtār"			"tatar"	"tatar"		"Tatar"	1181	TRUE
"tátorján"	"tātoryān"	"tāturyan"		"taturγan"	"taturgan"		"name of several kinds of plants, e.g. Anemosphoros, Buniasorientalis, Napus, Crambe tatarica; storm wind"	1553	TRUE
"tátorján"	"tātoryān"	"tāturyan"		"taturγan"	"tåtrång"		"name of several kinds of plants, e.g. Anemosphoros, Buniasorientalis, Napus, Crambe tatarica; storm wind"	1553	TRUE
"teker"	"teker"			"teker"	"täkir"		"to wind something round, to twist"	1200	TRUE
"teknő"	"teknȫ"	"tekenȫ"		"tekeneγ"	"täkänäγ"		"trough, wash tub, hutch"	1230	FALSE
"telek"	"telek"			"telük"	"tilök"		"strap (on a whip, or on a kind of sandal)"	1685	TRUE
"telek"	"telek"			"telük"	"tilök"		"a piece of land, field, parcel, patch, a higher place where animals rest and accumulate dung"	1086	FALSE
"tengődik"	"tengȫdik"	"teng"		"teng"	"täŋ"		"to vegetate, to linger in misery"	1531	FALSE
"tengely"	"tengelʹ"			"tengel"	"teŋäl"		"axle"	1138	TRUE
"tenger"	"tenger"			"teŋir"	"täŋir"		"sea"	1152	TRUE
"térül"	"tērül"	"tēr"		"tevir"	"tävir"		"to turn, to change the original direction"	1372	FALSE
"térít"	"tērīt"	"tēr"		"tevir"	"tävir"		"to turn, to change the original direction"	1372	FALSE
"térd"	"tērd"			"tīr"	"tīr"		"knee"	1372	TRUE
"terem"	"terem"			"terem"	"terem"		"hall, chamber, great room"	950	TRUE
"teve"	"teve"			"teve"	"teve"		"camel"	1395	TRUE
"tiló"	"tilō"	"talō"		"talkiγ"	"talkïγ"		"hemp breaker, swingle, scutch"	1597	TRUE
"tinó"	"tinō"			"tana"	"tana"		"steer, young bullock, ox"	1219	FALSE
"tojik"	"toyik"	"tuik"	"tuγik"	"tuγ"	"tuγ"		"to lay eggs"	1536	FALSE
"tojik"	"toyik"	"tuik"	"tuγik"	"tuγ"	"toγ"		"to lay eggs"	1536	FALSE
"tok"	"tok"			"toku"	"toku"		"sturgeon, Acipenser sturio"	1138	TRUE
"toklyó"	"toklʹō"	"toklʹu"		"toklu"	"toklu"		"one-year-old lamb"	1661	TRUE
"tolmács"	"tolmāč"			"tolmač"	"tolmač"		"interpreter"	1075	TRUE
"torma"	"tormå"			"turma"	"turma"		"horseradish, Armoracia rusticana"	1252	TRUE
"torlódik"	"torlōdik"	"torol"	"toro"	"toro"	"turo"		"to pile up, to become blocked"	1508	TRUE
"torlik"	"torlik"	"torol"	"toro"	"toro"	"turo"		"to pile up, to become blocked"	1508	TRUE
"torontál"	"torontāl"	"turuntalʹ"		"turuntay"	"turuntay"		"a kind of small falcon, Falco columbarius aescalon"	1234	FALSE
"tót"	"tōt"	"tat"		"tāt"	"tāt"		"Slovak"	1121	FALSE
"tökéletes"	"tökēleteš"	"tökēl"	"tökē"	"tüke"	"tükä"		"perfect"	1372	TRUE
"töméntelen"	"tömēntelen"	"tömēń"		"tümen"	"tümän"		"innumerable"	1213	TRUE
"tör"	"tör"	"tȫr"	"tǖr"	"tüγür"	"töγür"		"to break (also e.g. hemp, salt, pepper), to separate into pieces, to break,to crush"	1350	TRUE
"tőr"	"tȫr"			"tȫr"	"tȫr"		"snare, trap"	1138	TRUE
"török"	"török"	"türük"	"türk"	"türkü"	"türkü"		"Turk, Turkish, Turkic, Ottoman"	1055	TRUE
"történik"	"törtēnik"	"törtēn"		"törtün"	"törütün"		"to happen, to occur"	1372	TRUE
"törvény"	"törvēń"	"türven"	"türγen"	"türüγen"	"törüγän"		"law"	1300	TRUE
"tőzeg"	"tȫzeg"			"tözek"	"tezäk"		"peat, turf, dried dung"	1082	FALSE
"tulok"	"tulok"			"tukol"	"tokol"		"steer, young bullock, ox or cow"	1291	TRUE
"túró"	"tūrō"	"turō"		"toraγ"	"toraγ"		"cottage cheese, cheese curds"	1152	TRUE
"turul"	"turul"	"tūrul"		"tuγrïl"	"toγrïl"		"the totem bird of the Árpád dynasty, a bird of prey"	1217	TRUE
"túzok"	"tūzok"			"toγzak"	"togδak"		"bustard, Otis"	1082	TRUE
"tükör"	"tükör"			"tiker"	"tikär"		"mirror"	1215	TRUE
"tükör"	"tükör"			"tüker"	"tükär"		"mirror"	1215	TRUE
"tűr"	"tǖr"			"tür"	"tör"		"to endure, suffer, bear, stand"	1299	TRUE
"tűr"	"tǖr"			"tür"	"tür"		"to roll up (a scroll or ones sleeves)"	1525	TRUE
"tyúk"	"tʹūk"	"tiuk"	"tiwuk"	"tiγuk"	"tiγuk"		"hen"	1109	TRUE
"ug"	"ug"			"ugu"	"uγu"		"owl, Strix"	1075	TRUE
"úr"	"ūr"			"uri"	"urï"		"gentleman, lord, sir, high dignity, Lord (also of a king or of God)"	1009	TRUE
"üdül"	"üdül"	"idül"	"edül"	"edü"	"edü"		"to refresh oneself, to rest, to become cured"	1578	TRUE
"ünnep"	"ünnep"	"üdnep"	"idnep"	"idnap"	"edü"		"feast, ünnepnap"	1372	FALSE
"ünő"	"ünȫ"	"inȫ"	"ineü"	"ineγ"	"inäγ"		"heifer, roe doe"	1193	TRUE
"irge"	"irge"			"ürge"	"örgä"		"ground squirrel, Citellus citellus"	1559	TRUE
"ürge"	"ürge"			"ürge"	"örgä"		"ground squirrel, Citellus citellus"	1395	TRUE
"üröm"	"üröm"	"ürim"		"erim"	"erim"		"wormwood, Artemisia; bitterness"	1212	TRUE
"üröm"	"üröm"	"irim"		"erim"	"erim"		"wormwood, Artemisia; bitterness"	1212	TRUE
"ürü"	"ürü"	"irǖ"		"iriγ"	"iriγ"		"wether, sheep"	1395	TRUE
"üszök"	"üsök"			"isüg"	"isig"		"hot embers, extinguished embers"	1390	TRUE
"üszög"	"üsög"			"isüg"	"isig"		"hot embers, extinguished embers"	1390	FALSE
"üvecs"	"üveč"			"öveč"	"öväč"		"one-year-old female sheep"	1838	FALSE
"váj"	"vāy"			"vay"	"vay"		"to hollow out, to scoop out"	1270	FALSE
"vályú"	"vālʹū"	"valʹū"	"vālū"	"valaγ"	"valaγ"		"trough, tray"	1121	TRUE
"vejsze"	"veyse"			"veyseγ"	"väyśäγ"		"fishweir"	1055	FALSE
"lék"	"lēk"			"vekü"	"väkü"		"a hole in the ice (for fishing)"	1287	FALSE
"vék"	"vēk"			"vekü"	"väkü"		"a hole in the ice (for fishing)"	1247	FALSE
"vendég"	"vendēg"			"vendeg"	"vändäg"		"guest"	1138	FALSE
"ver"	"ver"				"ver"		"to plait, to lay the rope"	1426	TRUE
"vértelek"	"vērtelek"			"vertelük"	"vertülük"		"gable, frontispiece"	1654	FALSE
"zerge"	"zerge"			"serge"	"särgä"		"chamois, Rupicapra rupicapra"	1722	TRUE
